id,ok,item_id,precio,motivo
1414,True,MLA4009789232,8100,
1415,True,MLA4009866184,5300,
1416,True,MLA4009866230,7200,
1417,True,MLA4009827702,7200,
1418,True,MLA4009879302,22700,
1420,True,MLA4009789444,29900,
1421,True,MLA4009789482,8100,
1422,True,MLA4009866428,18100,
1424,True,MLA4009827884,28100,
1425,True,MLA4009827906,46300,
1440,True,MLA4009827942,26200,
1451,False,,,no se pudo calcular el precio: falta COSTO_ENVIO_GRATIS: el envio gratis se suma al precio
1452,True,MLA4009789616,148100,
1453,True,MLA4009828004,74100,
1454,True,MLA4009828034,20000,
1455,True,MLA4009866684,10000,
1456,True,MLA4009879738,9000,
1457,True,MLA4009828144,9000,
1458,True,MLA4009879824,9000,
1459,True,MLA4009828192,9000,
1460,True,MLA4009879898,9000,
1461,True,MLA4009828286,9000,
1462,True,MLA4009879964,21800,
1463,False,,,no se pudo subir 1463A.jpeg: HTTP Error 500: Internal Server Error
1466,True,MLA4009828368,10000,
1467,True,MLA4009879998,10900,
1468,True,MLA4009880030,28100,
1473,True,MLA4009867058,8100,
1474,True,MLA4009880054,7200,
1475,True,MLA4009828420,9000,
1476,True,MLA4009880076,9000,quedo sin descripcion (400)
1477,True,MLA4009790048,8100,
1478,True,MLA4009867104,8100,
